"label","workload","rep","elapsed","runtime.set_active.calls","runtime.set_active.on","runtime.alloc.fastpath.calls","runtime.alloc.fastpath.serial","runtime.alloc.fastpath.parallel","runtime.heap.enter.calls","runtime.heap.enter.skip_inactive","runtime.heap.enter.skip_worker","runtime.heap.enter.wait_exclusive","runtime.heap.enter.inflight_inc","runtime.heap.exit.calls","runtime.heap.exit.skip_inactive","runtime.heap.exit.skip_worker","runtime.heap.exit.inflight_dec","runtime.free_node.calls","runtime.free_node.serial","runtime.free_node.cas","runtime.free_node.cas_retry","shared.reader.enter.calls","shared.reader.retry_after_set","shared.reader.wait.loops","shared.reader.wait.condwait","shared.reader.exit.calls","shared.writer.begin.calls","shared.writer.wait.loops","shared.writer.wait.condwait","shared.writer.end.calls","shared.writer.unlock_all.calls","shared.writer.scan.calls","shared.writer.scan.workers","shared.env.mutcheck.calls","shared.env.mutcheck.inactive","shared.env.mutcheck.worker","shared.env.mutcheck.nonenv","shared.env.mutcheck.shared_true","shared.env.searchpath.calls","shared.env.searchpath.true","shared.env.worker_access.calls","shared.env.worker_access.inactive","shared.env.worker_access.no_interp","shared.env.worker_access.nonworker","shared.env.worker_access.nonenv","shared.env.worker_access.emptyenv","shared.env.worker_access.private_heap","shared.env.worker_access.shared_true"
"mtl","no_alloc_loop",4e+07,0.385,0,0,13244,13244,0,0,0,0,0,0,0,0,0,0,0,0,0,0,0,0,0,0,0,0,0,0,0,0,0,0,2614,2614,0,0,0,0,0,0,0,0,0,0,0,0,0
"mtl","no_alloc_loop",4e+07,0.384,0,0,45952,45952,0,0,0,0,0,0,0,0,0,0,0,0,0,0,0,0,0,0,0,0,0,0,0,0,0,0,2445,2445,0,0,0,0,0,0,0,0,0,0,0,0,0
"mtl","no_alloc_loop",4e+07,0.382,0,0,13209,13209,0,0,0,0,0,0,0,0,0,0,0,0,0,0,0,0,0,0,0,0,0,0,0,0,0,0,655,655,0,0,0,0,0,0,0,0,0,0,0,0,0
"mtl","no_alloc_loop",4e+07,0.382,0,0,13209,13209,0,0,0,0,0,0,0,0,0,0,0,0,0,0,0,0,0,0,0,0,0,0,0,0,0,0,655,655,0,0,0,0,0,0,0,0,0,0,0,0,0
"mtl","no_alloc_loop",4e+07,0.385,0,0,13209,13209,0,0,0,0,0,0,0,0,0,0,0,0,0,0,0,0,0,0,0,0,0,0,0,0,0,0,655,655,0,0,0,0,0,0,0,0,0,0,0,0,0
"mtl","lookup_only",2e+07,0.436,0,0,15369,15369,0,0,0,0,0,0,0,0,0,0,0,0,0,0,0,0,0,0,0,0,0,0,0,0,0,0,754,754,0,0,0,0,0,0,0,0,0,0,0,0,0
"mtl","lookup_only",2e+07,0.44,0,0,15347,15347,0,0,0,0,0,0,0,0,0,0,0,0,0,0,0,0,0,0,0,0,0,0,0,0,0,0,754,754,0,0,0,0,0,0,0,0,0,0,0,0,0
"mtl","lookup_only",2e+07,0.437,0,0,15347,15347,0,0,0,0,0,0,0,0,0,0,0,0,0,0,0,0,0,0,0,0,0,0,0,0,0,0,754,754,0,0,0,0,0,0,0,0,0,0,0,0,0
"mtl","lookup_only",2e+07,0.436,0,0,15347,15347,0,0,0,0,0,0,0,0,0,0,0,0,0,0,0,0,0,0,0,0,0,0,0,0,0,0,754,754,0,0,0,0,0,0,0,0,0,0,0,0,0
"mtl","lookup_only",2e+07,0.435,0,0,15347,15347,0,0,0,0,0,0,0,0,0,0,0,0,0,0,0,0,0,0,0,0,0,0,0,0,0,0,754,754,0,0,0,0,0,0,0,0,0,0,0,0,0
"mtl","alloc_small",6e+05,0.849,0,0,21670121,21670121,0,0,0,0,0,0,0,0,0,0,0,0,0,0,0,0,0,0,0,0,0,0,0,0,0,0,3292,3292,0,0,0,0,0,0,0,0,0,0,0,0,0
"mtl","alloc_small",6e+05,0.848,0,0,21670456,21670456,0,0,0,0,0,0,0,0,0,0,0,0,0,0,0,0,0,0,0,0,0,0,0,0,0,0,3301,3301,0,0,0,0,0,0,0,0,0,0,0,0,0
"mtl","alloc_small",6e+05,0.852,0,0,21670456,21670456,0,0,0,0,0,0,0,0,0,0,0,0,0,0,0,0,0,0,0,0,0,0,0,0,0,0,3301,3301,0,0,0,0,0,0,0,0,0,0,0,0,0
"mtl","alloc_small",6e+05,0.855,0,0,21670456,21670456,0,0,0,0,0,0,0,0,0,0,0,0,0,0,0,0,0,0,0,0,0,0,0,0,0,0,3301,3301,0,0,0,0,0,0,0,0,0,0,0,0,0
"mtl","alloc_small",6e+05,0.856000000000001,0,0,21670456,21670456,0,0,0,0,0,0,0,0,0,0,0,0,0,0,0,0,0,0,0,0,0,0,0,0,0,0,3301,3301,0,0,0,0,0,0,0,0,0,0,0,0,0
"mtl","readme_alloc_pressure",1,2.485,0,0,17642688,17642688,0,0,0,0,0,0,0,0,0,0,0,0,0,0,0,0,0,0,0,0,0,0,0,0,0,0,4667,4667,0,0,0,0,0,0,0,0,0,0,0,0,0
"mtl","readme_alloc_pressure",2,2.394,0,0,17562553,17562553,0,0,0,0,0,0,0,0,0,0,0,0,0,0,0,0,0,0,0,0,0,0,0,0,0,0,866,866,0,0,0,0,0,0,0,0,0,0,0,0,0
"mtl","readme_alloc_pressure",3,2.39,0,0,17562552,17562552,0,0,0,0,0,0,0,0,0,0,0,0,0,0,0,0,0,0,0,0,0,0,0,0,0,0,866,866,0,0,0,0,0,0,0,0,0,0,0,0,0
"mtl","readme_etl_group_mean",1,2.027,0,0,135472,135472,0,0,0,0,0,0,0,0,0,0,0,0,0,0,0,0,0,0,0,0,0,0,0,0,0,0,5420,5420,0,0,0,0,0,0,0,0,0,0,0,0,0
"mtl","readme_etl_group_mean",2,2.014,0,0,42502,42502,0,0,0,0,0,0,0,0,0,0,0,0,0,0,0,0,0,0,0,0,0,0,0,0,0,0,738,738,0,0,0,0,0,0,0,0,0,0,0,0,0
"mtl","readme_etl_group_mean",3,1.977,0,0,42502,42502,0,0,0,0,0,0,0,0,0,0,0,0,0,0,0,0,0,0,0,0,0,0,0,0,0,0,738,738,0,0,0,0,0,0,0,0,0,0,0,0,0
